County_Name,State_Name,Confirmed,New,Death,Fatality_Rate,Latitude,Longitude,Last_Update
New York,New York,3954,2083,26,0.0065756,40.71455,-74.00714,2020-03-19 21:57 EDT
Westchester,New York,798,260,0,0.0,41.163197600000004,-73.7560629,2020-03-19 21:57 EDT
Nassau,New York,372,94,3,0.008064499999999999,40.7416523,-73.58899620000001,2020-03-19 21:57 EDT
Suffolk,New York,239,123,3,0.012552299999999999,40.8773281,-72.85898040000001,2020-03-19 21:57 EDT
Rockland,New York,53,22,1,0.0188679,41.152374,-74.0240103,2020-03-19 21:57 EDT
Orange,New York,51,19,0,0.0,41.4020682,-74.30559570000001,2020-03-19 21:57 EDT
Albany,New York,43,7,0,0.0,42.65155,-73.75520999999999,2020-03-19 21:57 EDT
Dutchess,New York,31,11,0,0.0,41.7647751,-73.7428168,2020-03-19 21:57 EDT
Monroe,New York,30,11,1,0.0333333,43.1460428,-77.69674909999999,2020-03-19 21:57 EDT
Erie,New York,28,8,0,0.0,42.7638212,-78.7322497,2020-03-19 21:57 EDT
Saratoga,New York,21,7,0,0.0,43.06974,-73.63661,2020-03-19 21:57 EDT
Schenectady,New York,14,0,0,0.0,42.81238,-73.94122,2020-03-19 21:57 EDT
Ulster,New York,9,0,0,0.0,41.95986,-73.99033,2020-03-19 21:57 EDT
Onondaga,New York,7,1,0,0.0,43.004870000000004,-76.1836,2020-03-19 21:57 EDT
Tompkins,New York,6,0,0,0.0,42.449335,-76.4706436,2020-03-19 21:57 EDT
Putnam,New York,5,3,0,0.0,41.426534499999995,-73.7494999,2020-03-19 21:57 EDT
Rensselaer,New York,4,0,0,0.0,42.7108626,-73.5097379,2020-03-19 21:57 EDT
Niagara,New York,4,4,0,0.0,43.1999815,-78.74522259999999,2020-03-19 21:57 EDT
Greene,New York,2,0,0,0.0,42.27654570000001,-74.12261590000001,2020-03-19 21:57 EDT
Montgomery,New York,2,0,0,0.0,42.90229179999999,-74.4396009,2020-03-19 21:57 EDT
Allegany,New York,2,0,0,0.0,42.2573979,-78.02755440000001,2020-03-19 21:57 EDT
Oneida,New York,2,0,0,0.0,43.243065,-75.425836,2020-03-19 21:57 EDT
Wyoming,New York,2,1,0,0.0,42.7024266,-78.22443259999999,2020-03-19 21:57 EDT
Delaware,New York,1,0,0,0.0,42.198043299999995,-74.966352,2020-03-19 21:57 EDT
Herkimer,New York,1,0,0,0.0,43.0259,-74.98433,2020-03-19 21:57 EDT
Broome,New York,1,0,0,0.0,42.160218,-75.8196459,2020-03-19 21:57 EDT
Tioga,New York,1,0,0,0.0,42.06057,-76.34519,2020-03-19 21:57 EDT
Ontario,New York,1,0,0,0.0,42.852889399999995,-77.299811,2020-03-19 21:57 EDT
Clinton,New York,1,0,0,0.0,44.7904,-73.6006,2020-03-19 21:57 EDT
Essex,New York,1,0,0,0.0,44.107557,-73.7912585,2020-03-19 21:57 EDT
Sullivan,New York,1,0,0,0.0,41.7163135,-74.7681108,2020-03-19 21:57 EDT
Genesee,New York,1,0,0,0.0,43.0009402,-78.1936949,2020-03-19 21:57 EDT
Warren,New York,1,0,0,0.0,43.5592099,-73.8588116,2020-03-19 21:57 EDT
Washington,New York,1,0,0,0.0,43.312271100000004,-73.4309623,2020-03-19 21:57 EDT
Hamilton,New York,1,0,0,0.0,43.6613037,-74.49733570000001,2020-03-19 21:57 EDT
Chenango,New York,1,0,0,0.0,42.493494399999996,-75.61153709999999,2020-03-19 21:57 EDT
Schoharie,New York,1,1,0,0.0,42.5882075,-74.44213590000001,2020-03-19 21:57 EDT
King,Washington,693,131,60,0.08658010000000001,47.490118100000004,-121.8043324,2020-03-19 21:57 EDT
Snohomish,Washington,348,38,7,0.0201149,47.9124,-122.09306000000001,2020-03-19 21:57 EDT
Pierce,Washington,75,19,1,0.0133333,47.0227081,-122.1014408,2020-03-19 21:57 EDT
Skagit,Washington,18,4,0,0.0,48.4793302,-121.72808020000001,2020-03-19 21:57 EDT
Island,Washington,17,1,1,0.0588235,48.1916094,-122.6650075,2020-03-19 21:57 EDT
Kitsap,Washington,12,3,0,0.0,47.4749622,-122.6085325,2020-03-19 21:57 EDT
Spokane,Washington,9,4,0,0.0,47.65726,-117.41228000000001,2020-03-19 21:57 EDT
Grant,Washington,8,0,1,0.125,47.1988579,-119.4525987,2020-03-19 21:57 EDT
Whatcom,Washington,7,0,0,0.0,48.825596999999995,-121.7174182,2020-03-19 21:57 EDT
Yakima,Washington,7,0,0,0.0,46.60448,-120.50721000000001,2020-03-19 21:57 EDT
Thurston,Washington,6,0,0,0.0,46.9198058,-122.82986909999998,2020-03-19 21:57 EDT
Jefferson,Washington,4,0,0,0.0,47.7481061,-123.6000095,2020-03-19 21:57 EDT
Clark,Washington,4,0,3,0.75,45.781873299999994,-122.48127849999999,2020-03-19 21:57 EDT
Kittitas,Washington,4,0,0,0.0,46.98472,-120.41752,2020-03-19 21:57 EDT
Chelan,Washington,2,0,0,0.0,47.867071700000004,-120.62526770000001,2020-03-19 21:57 EDT
Klickitat,Washington,2,1,0,0.0,45.876409100000004,-120.79203970000002,2020-03-19 21:57 EDT
Benton-Franklin,Washington,2,2,1,0.5,38.553779999999996,-91.00092,2020-03-19 21:57 EDT
Grays Harbor,Washington,1,0,0,0.0,47.1505523,-123.7737432,2020-03-19 21:57 EDT
Columbia,Washington,1,0,0,0.0,46.2975768,-117.90786340000001,2020-03-19 21:57 EDT
Lincoln,Washington,1,0,0,0.0,47.5730506,-118.4177041,2020-03-19 21:57 EDT
Cowlitz,Washington,1,0,0,0.0,46.1945405,-122.67832720000001,2020-03-19 21:57 EDT
Lewis,Washington,1,0,0,0.0,46.577794899999994,-122.39291580000001,2020-03-19 21:57 EDT
Mason,Washington,1,0,0,0.0,38.61504,-83.80988,2020-03-19 21:57 EDT
Franklin,Washington,1,0,0,0.0,38.553779999999996,-91.00092,2020-03-19 21:57 EDT
Los Angeles,California,231,41,2,0.008657999999999999,34.053490000000004,-118.24531999999999,2020-03-19 21:57 EDT
Santa Clara,California,189,14,6,0.031745999999999996,37.35579,-121.95508999999998,2020-03-19 21:57 EDT
San Diego,California,105,45,0,0.0,32.71568,-117.16171000000001,2020-03-19 21:57 EDT
San Mateo,California,89,9,1,0.011236,37.54704,-122.31485,2020-03-19 21:57 EDT
San Francisco,California,70,19,0,0.0,37.777120000000004,-122.41963999999999,2020-03-19 21:57 EDT
Orange,California,53,24,0,0.0,33.78787,-117.85071,2020-03-19 21:57 EDT
Sacramento,California,45,5,3,0.0666667,38.579440000000005,-121.49085,2020-03-19 21:57 EDT
Contra Costa,California,41,2,0,0.0,37.9179373,-121.9259354,2020-03-19 21:57 EDT
Alameda,California,38,8,0,0.0,37.76683,-122.2453,2020-03-19 21:57 EDT
Riverside,California,22,6,3,0.1363636,33.98171,-117.37404,2020-03-19 21:57 EDT
San Joaquin,California,17,3,2,0.1176471,37.9347956,-121.2713112,2020-03-19 21:57 EDT
Marin,California,15,0,0,0.0,38.07188729999999,-122.7195348,2020-03-19 21:57 EDT
Santa Cruz,California,14,1,0,0.0,36.97424,-122.03098,2020-03-19 21:57 EDT
Ventura,California,13,3,0,0.0,34.28082,-119.29231999999999,2020-03-19 21:57 EDT
San Luis Obispo,California,13,6,0,0.0,35.285790000000006,-120.66275,2020-03-19 21:57 EDT
Placer,California,9,0,1,0.1111111,39.059135600000005,-120.75363279999999,2020-03-19 21:57 EDT
Solano,California,8,0,0,0.0,38.277933600000004,-121.9272405,2020-03-19 21:57 EDT
Santa Barbara,California,8,6,0,0.0,34.41938,-119.69905,2020-03-19 21:57 EDT
Tulare,California,7,3,0,0.0,36.20649,-119.34305,2020-03-19 21:57 EDT
Sonoma,California,6,-2,0,0.0,38.29188,-122.45728000000001,2020-03-19 21:57 EDT
Yolo,California,5,1,0,0.0,38.73431,-121.81278999999999,2020-03-19 21:57 EDT
Stanislaus,California,5,0,0,0.0,37.55932620000001,-120.9976619,2020-03-19 21:57 EDT
San Bernardino,California,5,2,0,0.0,34.10524,-117.29411999999999,2020-03-19 21:57 EDT
Kern,California,4,3,0,0.0,35.3428164,-118.7299395,2020-03-19 21:57 EDT
Monterey,California,4,2,0,0.0,36.217146,-121.2390196,2020-03-19 21:57 EDT
San Benito,California,3,0,0,0.0,36.50506,-121.08332,2020-03-19 21:57 EDT
Fresno,California,3,1,0,0.0,36.740840000000006,-119.78551999999999,2020-03-19 21:57 EDT
Calaveras,California,2,0,0,0.0,38.2047357,-120.55406550000001,2020-03-19 21:57 EDT
Imperial,California,2,0,0,0.0,32.84748,-115.56952,2020-03-19 21:57 EDT
Humboldt,California,1,0,0,0.0,40.698798,-123.87371470000001,2020-03-19 21:57 EDT
Madera,California,1,0,0,0.0,36.96205,-120.06398999999999,2020-03-19 21:57 EDT
Shasta,California,1,0,0,0.0,40.598279999999995,-122.49095,2020-03-19 21:57 EDT
Nevada,California,1,0,0,0.0,39.2616,-121.0161,2020-03-19 21:57 EDT
Mendocino,California,1,1,0,0.0,39.4402406,-123.3912784,2020-03-19 21:57 EDT
Bergen,New Jersey,195,81,2,0.010256399999999999,40.9594915,-74.074442,2020-03-19 21:57 EDT
Middlesex,New Jersey,64,24,0,0.0,40.57936,-74.50067,2020-03-19 21:57 EDT
Essex,New Jersey,63,18,1,0.015872999999999998,40.7877926,-74.2476006,2020-03-19 21:57 EDT
Hudson,New Jersey,55,21,1,0.018181799999999998,40.740342299999995,-74.07410970000001,2020-03-19 21:57 EDT
Monmouth,New Jersey,43,11,1,0.0232558,40.2600411,-74.2219463,2020-03-19 21:57 EDT
Passaic,New Jersey,38,20,0,0.0,40.86034,-74.12374,2020-03-19 21:57 EDT
Ocean,New Jersey,33,25,0,0.0,39.90927429999999,-74.2969653,2020-03-19 21:57 EDT
Union,New Jersey,29,3,0,0.0,40.69635,-74.26957,2020-03-19 21:57 EDT
Morris,New Jersey,26,7,0,0.0,40.862019000000004,-74.5442741,2020-03-19 21:57 EDT
Somerset,New Jersey,21,5,0,0.0,40.49859,-74.52249,2020-03-19 21:57 EDT
Mercer,New Jersey,20,5,0,0.0,40.2833191,-74.70157370000001,2020-03-19 21:57 EDT
Burlington,New Jersey,14,4,0,0.0,40.07687,-74.85775,2020-03-19 21:57 EDT
Camden,New Jersey,13,5,0,0.0,39.94525,-75.11913,2020-03-19 21:57 EDT
Hunterdon,New Jersey,8,2,0,0.0,40.5672532,-74.9121792,2020-03-19 21:57 EDT
Warren,New Jersey,3,2,0,0.0,40.8573236,-74.997063,2020-03-19 21:57 EDT
Atlantic,New Jersey,3,0,0,0.0,39.4806564,-74.6726431,2020-03-19 21:57 EDT
Gloucester,New Jersey,2,0,0,0.0,39.7172011,-75.1416437,2020-03-19 21:57 EDT
Sussex,New Jersey,2,2,0,0.0,41.139345,-74.6906776,2020-03-19 21:57 EDT
Cape May,New Jersey,1,1,0,0.0,38.93547,-74.92137,2020-03-19 21:57 EDT
Dade,Florida,101,101,0,0.0,25.7788537,-80.17996509999999,2020-03-19 21:57 EDT
Broward,Florida,96,24,1,0.010416700000000001,26.152245399999998,-80.48705340000001,2020-03-19 21:57 EDT
Palm Beach,Florida,29,10,0,0.0,26.70288,-80.03661,2020-03-19 21:57 EDT
Hillsborough,Florida,20,6,0,0.0,27.930231,-82.3078553,2020-03-19 21:57 EDT
Orange,Florida,19,10,2,0.1052632,41.33141,-74.35667,2020-03-19 21:57 EDT
Collier,Florida,18,5,0,0.0,26.116255600000002,-81.3401333,2020-03-19 21:57 EDT
Pinellas,Florida,16,6,0,0.0,27.9313392,-82.7219403,2020-03-19 21:57 EDT
Duval,Florida,15,2,0,0.0,30.478440000000003,-81.62557,2020-03-19 21:57 EDT
Osceola,Florida,13,5,0,0.0,28.068125800000004,-81.1451965,2020-03-19 21:57 EDT
Lee,Florida,11,1,1,0.0909091,26.579651600000002,-81.8246853,2020-03-19 21:57 EDT
Alachua,Florida,11,4,0,0.0,29.793090000000003,-82.49428,2020-03-19 21:57 EDT
Manatee,Florida,9,1,1,0.1111111,27.49643,-82.53954,2020-03-19 21:57 EDT
Volusia,Florida,9,0,0,0.0,29.169340000000002,-81.52251,2020-03-19 21:57 EDT
Seminole,Florida,8,1,0,0.0,28.717001399999997,-81.2363226,2020-03-19 21:57 EDT
Sarasota,Florida,6,1,0,0.0,27.338890000000003,-82.53886999999999,2020-03-19 21:57 EDT
Okaloosa,Florida,5,2,0,0.0,30.7070235,-86.5965082,2020-03-19 21:57 EDT
Pasco,Florida,5,2,0,0.0,28.32453,-82.33624,2020-03-19 21:57 EDT
Leon,Florida,4,4,1,0.25,30.457968,-84.2779436,2020-03-19 21:57 EDT
Clay,Florida,4,0,2,0.5,29.983055199999995,-81.8577821,2020-03-19 21:57 EDT
St. Johns,Florida,4,0,0,0.0,30.120509999999996,-81.62536,2020-03-19 21:57 EDT
Polk,Florida,4,3,0,0.0,27.9488782,-81.6977601,2020-03-19 21:57 EDT
Hernando,Florida,4,4,0,0.0,28.5525038,-82.41939,2020-03-19 21:57 EDT
Citrus,Florida,3,0,0,0.0,28.850778899999998,-82.46594870000001,2020-03-19 21:57 EDT
Lake,Florida,3,1,0,0.0,28.7626197,-81.71155350000001,2020-03-19 21:57 EDT
Brevard,Florida,3,1,0,0.0,28.2934842,-80.73235629999999,2020-03-19 21:57 EDT
Santa Rosa,Florida,2,2,1,0.5,30.7314761,-87.01761390000001,2020-03-19 21:57 EDT
Sumter,Florida,2,1,0,0.0,28.7047445,-82.0809939,2020-03-19 21:57 EDT
Gadsden,Florida,1,1,0,0.0,30.579484899999997,-84.6135174,2020-03-19 21:57 EDT
Charlotte,Florida,1,0,0,0.0,26.908483299999997,-81.9034392,2020-03-19 21:57 EDT
Nassau,Florida,1,0,0,0.0,30.6107767,-81.80174,2020-03-19 21:57 EDT
Escambia,Florida,1,0,0,0.0,30.700484799999998,-87.37722149999999,2020-03-19 21:57 EDT
Walton,Florida,1,1,0,0.0,30.659396,-86.1626806,2020-03-19 21:57 EDT
Indian River,Florida,1,1,0,0.0,27.694396500000003,-80.60612990000001,2020-03-19 21:57 EDT
Jackson,Florida,1,1,0,0.0,30.795729700000003,-85.2183496,2020-03-19 21:57 EDT
Martin,Florida,1,1,0,0.0,27.0880973,-80.3831733,2020-03-19 21:57 EDT
Cook,Illinois,278,100,2,0.0071941999999999996,41.84014929999999,-87.8168232,2020-03-19 21:57 EDT
DuPage,Illinois,54,9,0,0.0,41.851940500000005,-88.0856113,2020-03-19 21:57 EDT
Lake,Illinois,37,19,0,0.0,42.3232765,-88.0035345,2020-03-19 21:57 EDT
Will,Illinois,9,6,1,0.1111111,41.4450565,-87.9786523,2020-03-19 21:57 EDT
Kane,Illinois,6,2,0,0.0,41.9388756,-88.42863929999999,2020-03-19 21:57 EDT
McHenry,Illinois,6,2,0,0.0,42.326209999999996,-88.26731,2020-03-19 21:57 EDT
Sangamon,Illinois,4,1,1,0.25,39.75815789999999,-89.65888740000001,2020-03-19 21:57 EDT
St. Clair,Illinois,3,0,0,0.0,38.469964700000006,-89.9274997,2020-03-19 21:57 EDT
Clinton,Illinois,3,0,0,0.0,40.1536,-88.9645,2020-03-19 21:57 EDT
Peoria,Illinois,3,0,0,0.0,40.69236,-89.58799,2020-03-19 21:57 EDT
Woodford,Illinois,2,1,0,0.0,40.84437,-89.02781,2020-03-19 21:57 EDT
Cumberland,Illinois,1,0,0,0.0,39.2733283,-88.2401682,2020-03-19 21:57 EDT
Champaign,Illinois,1,0,0,0.0,40.1142,-88.2435,2020-03-19 21:57 EDT
Winnebago,Illinois,1,0,0,0.0,42.265679999999996,-89.24139,2020-03-19 21:57 EDT
Whiteside,Illinois,1,0,0,0.0,41.7553349,-89.9123168,2020-03-19 21:57 EDT
Madison,Illinois,1,0,0,0.0,38.8300622,-89.9017802,2020-03-19 21:57 EDT
Kendall,Illinois,1,-1,0,0.0,41.590587899999996,-88.4288057,2020-03-19 21:57 EDT
Jackson,Illinois,1,1,0,0.0,37.785495000000004,-89.3810388,2020-03-19 21:57 EDT
Williamson,Illinois,1,1,0,0.0,37.73016810000001,-88.92990909999999,2020-03-19 21:57 EDT
Kankakee,Illinois,1,1,0,0.0,41.137714200000005,-87.8618176,2020-03-19 21:57 EDT
LaSalle,Illinois,1,1,0,0.0,41.344007399999995,-88.88594640000001,2020-03-19 21:57 EDT
Washington,Illinois,1,1,0,0.0,38.3522539,-89.4104915,2020-03-19 21:57 EDT
Orleans,Louisiana,249,62,8,0.032128500000000004,30.0384318,-89.9005515,2020-03-19 21:57 EDT
Jefferson,Louisiana,69,29,1,0.0144928,29.9596,-90.17182,2020-03-19 21:57 EDT
St. Tammany,Louisiana,10,2,0,0.0,30.39408,-89.89506999999999,2020-03-19 21:57 EDT
Caddo,Louisiana,7,2,0,0.0,32.75632,-93.97374,2020-03-19 21:57 EDT
East Baton Rouge,Louisiana,5,3,0,0.0,30.539265399999998,-91.09217009999999,2020-03-19 21:57 EDT
Lafourche,Louisiana,4,1,0,0.0,29.765290000000004,-90.76881,2020-03-19 21:57 EDT
St. Charles,Louisiana,4,1,0,0.0,29.905279800000002,-90.3824403,2020-03-19 21:57 EDT
Terrebonne,Louisiana,4,1,0,0.0,29.4300667,-90.8754618,2020-03-19 21:57 EDT
St. Bernard,Louisiana,4,2,0,0.0,29.86715,-89.85868,2020-03-19 21:57 EDT
Bossier,Louisiana,2,1,0,0.0,32.6788619,-93.6053107,2020-03-19 21:57 EDT
St. John the Baptist,Louisiana,2,1,0,0.0,30.078665,-90.5454132,2020-03-19 21:57 EDT
Ascension,Louisiana,2,1,0,0.0,30.2054934,-90.90885829999999,2020-03-19 21:57 EDT
Washington,Louisiana,2,1,0,0.0,30.853392200000002,-90.0405045,2020-03-19 21:57 EDT
Lafayette,Louisiana,2,2,0,0.0,30.2067882,-92.06389370000001,2020-03-19 21:57 EDT
St. James,Louisiana,1,1,1,1.0,30.41825,-91.09344,2020-03-19 21:57 EDT
Plaquemines,Louisiana,1,1,0,0.0,29.4832751,-89.6525564,2020-03-19 21:57 EDT
West Baton Rouge,Louisiana,1,1,0,0.0,30.450190000000003,-91.20510999999999,2020-03-19 21:57 EDT
Oakland,Michigan,105,46,0,0.0,42.74214,-83.16174000000001,2020-03-19 21:57 EDT
Detroit City,Michigan,75,75,2,0.0266667,42.38309,-83.10215,2020-03-19 21:57 EDT
Macomb,Michigan,55,45,0,0.0,42.69565,-82.92171,2020-03-19 21:57 EDT
Wayne,Michigan,44,21,1,0.0227273,42.28515,-83.3836,2020-03-19 21:57 EDT
Washtenaw,Michigan,14,7,0,0.0,42.2532294,-83.83877629999999,2020-03-19 21:57 EDT
Kent,Michigan,7,2,0,0.0,43.032162,-85.54929820000001,2020-03-19 21:57 EDT
Ingham,Michigan,6,1,0,0.0,42.5970924,-84.37353420000001,2020-03-19 21:57 EDT
St. Clair,Michigan,4,2,0,0.0,42.83189,-82.50220999999999,2020-03-19 21:57 EDT
Monroe,Michigan,2,1,0,0.0,41.916059999999995,-83.3979,2020-03-19 21:57 EDT
Eaton,Michigan,2,2,0,0.0,42.5960749,-84.83832070000001,2020-03-19 21:57 EDT
Montcalm,Michigan,1,0,0,0.0,43.3109547,-85.1525018,2020-03-19 21:57 EDT
Bay,Michigan,1,0,0,0.0,43.7073289,-83.99203709999999,2020-03-19 21:57 EDT
Charlevoix,Michigan,1,0,0,0.0,45.31653,-85.26071999999999,2020-03-19 21:57 EDT
Ottawa,Michigan,1,0,0,0.0,42.9607123,-85.9951657,2020-03-19 21:57 EDT
Leelanau,Michigan,1,0,0,0.0,44.9384907,-85.81182340000001,2020-03-19 21:57 EDT
Otsego,Michigan,1,0,0,0.0,45.0992,-84.6482,2020-03-19 21:57 EDT
Jackson,Michigan,1,0,0,0.0,42.24848239999999,-84.4234498,2020-03-19 21:57 EDT
Clinton,Michigan,1,1,0,0.0,42.94365429999999,-84.6015142,2020-03-19 21:57 EDT
Livingston,Michigan,1,1,0,0.0,42.602918200000005,-83.911524,2020-03-19 21:57 EDT
Midland,Michigan,1,1,0,0.0,43.6468649,-84.3881103,2020-03-19 21:57 EDT
Middlesex,Massachusetts,119,19,0,0.0,42.4855941,-71.3917913,2020-03-19 21:57 EDT
Suffolk,Massachusetts,72,21,0,0.0,42.331891600000006,-71.07537430000001,2020-03-19 21:57 EDT
Norfolk,Massachusetts,52,7,0,0.0,42.119409999999995,-71.33083,2020-03-19 21:57 EDT
Essex,Massachusetts,19,5,0,0.0,42.632509999999996,-70.78113,2020-03-19 21:57 EDT
Berkshire,Massachusetts,18,1,0,0.0,42.51105,-73.19426,2020-03-19 21:57 EDT
Worcester,Massachusetts,14,4,0,0.0,42.26341,-71.80219,2020-03-19 21:57 EDT
Bristol,Massachusetts,6,1,0,0.0,41.7983696,-71.11428120000001,2020-03-19 21:57 EDT
Barnstable,Massachusetts,5,3,0,0.0,41.70194,-70.30442,2020-03-19 21:57 EDT
Plymouth,Massachusetts,5,0,0,0.0,41.92808,-70.6568,2020-03-19 21:57 EDT
Hampden,Massachusetts,3,1,0,0.0,42.064613,-72.422,2020-03-19 21:57 EDT
Franklin,Massachusetts,1,0,0,0.0,42.5865487,-72.5977731,2020-03-19 21:57 EDT
Hampshire,Massachusetts,1,1,0,0.0,42.3402715,-72.6694039,2020-03-19 21:57 EDT
Dallas,Texas,59,20,1,0.0169492,32.778220000000005,-96.79512,2020-03-19 21:57 EDT
Travis,Texas,41,18,0,0.0,30.3346227,-97.7821898,2020-03-19 21:57 EDT
Harris,Texas,30,7,1,0.0333333,29.857628000000002,-95.39311140000001,2020-03-19 21:57 EDT
Bexar,Texas,29,18,0,0.0,29.4489207,-98.52000770000001,2020-03-19 21:57 EDT
Fort Bend,Texas,19,7,0,0.0,29.527452500000003,-95.7706508,2020-03-19 21:57 EDT
Tarrant,Texas,19,11,1,0.0526316,32.8173,-97.07655,2020-03-19 21:57 EDT
Collin,Texas,18,7,1,0.055555600000000004,33.1968,-96.80393000000001,2020-03-19 21:57 EDT
Denton,Texas,9,4,0,0.0,33.216590000000004,-97.13162,2020-03-19 21:57 EDT
Williamson,Texas,8,4,0,0.0,30.648067600000005,-97.60077209999999,2020-03-19 21:57 EDT
Montgomery,Texas,7,0,0,0.0,30.38862,-95.69633,2020-03-19 21:57 EDT
McLennan,Texas,7,2,0,0.0,31.552340299999997,-97.2018059,2020-03-19 21:57 EDT
El Paso,Texas,6,3,0,0.0,31.759159999999998,-106.48749,2020-03-19 21:57 EDT
Bell,Texas,6,3,0,0.0,31.0376588,-97.4780738,2020-03-19 21:57 EDT
Smith,Texas,5,0,0,0.0,32.375056,-95.2691026,2020-03-19 21:57 EDT
Hays,Texas,5,0,0,0.0,30.1227,-97.8722,2020-03-19 21:57 EDT
Galveston,Texas,4,0,0,0.0,29.29532,-94.80790999999999,2020-03-19 21:57 EDT
Brazoria,Texas,4,1,0,0.0,29.049709999999997,-95.562,2020-03-19 21:57 EDT
Brazos,Texas,4,1,0,0.0,30.6604858,-96.302073,2020-03-19 21:57 EDT
Matagorda,Texas,3,0,1,0.3333333,28.691229999999997,-95.96755,2020-03-19 21:57 EDT
Lubbock,Texas,3,0,0,0.0,33.610193,-101.8204416,2020-03-19 21:57 EDT
Potter,Texas,2,2,0,0.0,35.4012739,-101.8939736,2020-03-19 21:57 EDT
Gregg,Texas,1,0,0,0.0,32.480624600000006,-94.816991,2020-03-19 21:57 EDT
Lavaca,Texas,1,0,0,0.0,29.3843289,-96.9301097,2020-03-19 21:57 EDT
Bowie,Texas,1,0,0,0.0,33.559,-97.8486,2020-03-19 21:57 EDT
Webb,Texas,1,0,0,0.0,27.7925,-99.4228,2020-03-19 21:57 EDT
Rusk,Texas,1,0,0,0.0,31.796,-95.1502,2020-03-19 21:57 EDT
Ellis,Texas,1,0,0,0.0,32.3483929,-96.7946042,2020-03-19 21:57 EDT
Wichita,Texas,1,0,0,0.0,33.9841016,-98.7016946,2020-03-19 21:57 EDT
Johnson,Texas,1,0,0,0.0,32.3789903,-97.36641180000001,2020-03-19 21:57 EDT
Comal,Texas,1,0,0,0.0,29.8081844,-98.2781952,2020-03-19 21:57 EDT
Grimes,Texas,1,0,0,0.0,30.543655800000003,-95.98530179999999,2020-03-19 21:57 EDT
Fannin,Texas,1,0,0,0.0,33.593096200000005,-96.1069593,2020-03-19 21:57 EDT
Jefferson,Texas,1,0,0,0.0,29.883664000000003,-94.1692275,2020-03-19 21:57 EDT
DeWitt,Texas,1,0,0,0.0,29.082059,-97.3568176,2020-03-19 21:57 EDT
Brown,Texas,1,0,0,0.0,31.7742749,-98.9998503,2020-03-19 21:57 EDT
Van Zandt,Texas,1,1,0,0.0,32.5622995,-95.83587209999999,2020-03-19 21:57 EDT
Crane,Texas,1,1,0,0.0,31.4284665,-102.5155684,2020-03-19 21:57 EDT
Fulton,Georgia,66,17,0,0.0,33.7902407,-84.46710999999999,2020-03-19 21:57 EDT
Cobb,Georgia,37,9,1,0.027027,33.9414802,-84.57663740000001,2020-03-19 21:57 EDT
Bartow,Georgia,26,7,0,0.0,34.237644,-84.84072940000001,2020-03-19 21:57 EDT
DeKalb,Georgia,22,4,0,0.0,33.7715373,-84.22646529999999,2020-03-19 21:57 EDT
Dougherty,Georgia,20,13,2,0.1,31.5333249,-84.2162944,2020-03-19 21:57 EDT
Cherokee,Georgia,16,7,0,0.0,34.24398970000001,-84.4762441,2020-03-19 21:57 EDT
Gwinnett,Georgia,12,5,0,0.0,33.961188799999995,-84.0235873,2020-03-19 21:57 EDT
Fayette,Georgia,10,2,0,0.0,33.413909100000005,-84.4942725,2020-03-19 21:57 EDT
Lowndes,Georgia,8,3,0,0.0,30.8336283,-83.2676955,2020-03-19 21:57 EDT
Clarke,Georgia,8,3,0,0.0,33.95110570000001,-83.3674122,2020-03-19 21:57 EDT
Floyd,Georgia,6,0,0,0.0,34.2632424,-85.2145276,2020-03-19 21:57 EDT
Clayton,Georgia,6,0,0,0.0,33.541973,-84.3576995,2020-03-19 21:57 EDT
Hall,Georgia,5,2,0,0.0,34.3204115,-83.8104354,2020-03-19 21:57 EDT
Lee,Georgia,3,1,0,0.0,31.7795972,-84.1408802,2020-03-19 21:57 EDT
Gordon,Georgia,3,0,0,0.0,34.5031965,-84.8758788,2020-03-19 21:57 EDT
Coweta,Georgia,3,0,0,0.0,33.3536027,-84.76336690000001,2020-03-19 21:57 EDT
Henry,Georgia,3,1,0,0.0,33.4530163,-84.1542628,2020-03-19 21:57 EDT
Newton,Georgia,3,0,0,0.0,33.5550066,-83.8502182,2020-03-19 21:57 EDT
Forsyth,Georgia,3,1,0,0.0,34.2249323,-84.1334992,2020-03-19 21:57 EDT
Paulding,Georgia,3,0,0,0.0,33.920424600000004,-84.8672012,2020-03-19 21:57 EDT
Troup,Georgia,2,0,0,0.0,33.033518900000004,-85.0282617,2020-03-19 21:57 EDT
Richmond,Georgia,2,1,0,0.0,33.3596297,-82.0736164,2020-03-19 21:57 EDT
Early,Georgia,2,2,0,0.0,31.3227559,-84.9036802,2020-03-19 21:57 EDT
Glynn,Georgia,2,2,0,0.0,31.2325826,-81.54266740000001,2020-03-19 21:57 EDT
Laurens,Georgia,2,2,0,0.0,32.4636882,-82.92216459999999,2020-03-19 21:57 EDT
Polk,Georgia,1,0,0,0.0,34.0016881,-85.18810970000001,2020-03-19 21:57 EDT
Charlton,Georgia,1,0,0,0.0,30.7817109,-82.1377648,2020-03-19 21:57 EDT
Columbia,Georgia,1,0,0,0.0,33.5372481,-82.26219609999998,2020-03-19 21:57 EDT
Houston,Georgia,1,0,0,0.0,32.458946399999995,-83.666175,2020-03-19 21:57 EDT
Whitfield,Georgia,1,0,0,0.0,34.8055258,-84.9672104,2020-03-19 21:57 EDT
Barrow,Georgia,1,0,0,0.0,33.993225200000005,-83.7127253,2020-03-19 21:57 EDT
Bibb,Georgia,1,1,0,0.0,32.806635899999996,-83.69775899999999,2020-03-19 21:57 EDT
Peach,Georgia,1,1,0,0.0,32.5688118,-83.8267872,2020-03-19 21:57 EDT
Muscogee,Georgia,1,1,0,0.0,32.509900099999996,-84.8768688,2020-03-19 21:57 EDT
Denver,Colorado,43,0,0,0.0,39.74001,-104.99202,2020-03-19 21:57 EDT
Eagle,Colorado,39,0,0,0.0,39.65565,-106.82788000000001,2020-03-19 21:57 EDT
Jefferson,Colorado,25,0,0,0.0,39.5864316,-105.25040220000001,2020-03-19 21:57 EDT
Arapahoe,Colorado,22,0,0,0.0,39.6497672,-104.33920440000001,2020-03-19 21:57 EDT
Douglas,Colorado,11,0,0,0.0,39.3296664,-104.9295706,2020-03-19 21:57 EDT
Pitkin,Colorado,11,0,0,0.0,39.217125200000005,-106.9167355,2020-03-19 21:57 EDT
Gunnison,Colorado,11,0,0,0.0,38.54526,-106.92692,2020-03-19 21:57 EDT
Boulder,Colorado,11,0,0,0.0,40.01574,-105.27923999999999,2020-03-19 21:57 EDT
Adams,Colorado,10,0,0,0.0,39.8737591,-104.3366349,2020-03-19 21:57 EDT
Weld,Colorado,9,0,1,0.1111111,40.5547727,-104.3924353,2020-03-19 21:57 EDT
El Paso,Colorado,8,0,2,0.25,38.8321269,-104.5255141,2020-03-19 21:57 EDT
Summit,Colorado,5,0,0,0.0,39.6341694,-106.1163607,2020-03-19 21:57 EDT
Larimer,Colorado,4,0,0,0.0,40.666452500000005,-105.46093629999999,2020-03-19 21:57 EDT
Pueblo,Colorado,2,1,0,0.0,38.26375,-104.61251999999999,2020-03-19 21:57 EDT
Routt,Colorado,2,0,0,0.0,40.484997899999996,-106.9912189,2020-03-19 21:57 EDT
Garfield,Colorado,2,0,0,0.0,39.5992265,-107.90400190000001,2020-03-19 21:57 EDT
Clear Creek,Colorado,2,0,0,0.0,39.6890531,-105.6443322,2020-03-19 21:57 EDT
Mesa,Colorado,1,0,0,0.0,39.16616,-108.13888999999999,2020-03-19 21:57 EDT
Grand,Colorado,1,0,0,0.0,40.1026374,-106.1182838,2020-03-19 21:57 EDT
Crowley,Colorado,1,1,1,1.0,38.3266886,-103.7847985,2020-03-19 21:57 EDT
Montgomery,Pennsylvania,55,13,0,0.0,40.210894200000006,-75.36736379999999,2020-03-19 21:57 EDT
Philadelphia,Pennsylvania,44,10,0,0.0,39.952220000000004,-75.16218,2020-03-19 21:57 EDT
Allegheny,Pennsylvania,18,5,0,0.0,40.45082,-80.01615,2020-03-19 21:57 EDT
Monroe,Pennsylvania,15,7,0,0.0,41.0581159,-75.33939790000001,2020-03-19 21:57 EDT
Delaware,Pennsylvania,14,0,0,0.0,39.9167251,-75.39898559999999,2020-03-19 21:57 EDT
Bucks,Pennsylvania,12,3,0,0.0,40.336940399999996,-75.1067941,2020-03-19 21:57 EDT
Cumberland,Pennsylvania,11,1,0,0.0,40.1636766,-77.26538070000001,2020-03-19 21:57 EDT
Chester,Pennsylvania,10,1,0,0.0,39.9732037,-75.7484515,2020-03-19 21:57 EDT
Northampton,Pennsylvania,5,4,1,0.2,40.6836,-75.49108000000001,2020-03-19 21:57 EDT
Pike,Pennsylvania,3,1,0,0.0,41.332025,-75.0338235,2020-03-19 21:57 EDT
Washington,Pennsylvania,3,1,0,0.0,40.16752,-80.24648,2020-03-19 21:57 EDT
Beaver,Pennsylvania,2,0,0,0.0,40.6964,-80.30196,2020-03-19 21:57 EDT
York,Pennsylvania,2,0,0,0.0,39.919932,-76.72645290000001,2020-03-19 21:57 EDT
Lancaster,Pennsylvania,2,1,0,0.0,40.0423624,-76.2476733,2020-03-19 21:57 EDT
Lackawanna,Pennsylvania,2,1,0,0.0,41.436856299999995,-75.60918000000001,2020-03-19 21:57 EDT
Westmoreland,Pennsylvania,2,2,0,0.0,40.3107724,-79.46697990000001,2020-03-19 21:57 EDT
Wayne,Pennsylvania,1,0,0,0.0,41.648788,-75.30324859999999,2020-03-19 21:57 EDT
Lehigh,Pennsylvania,1,0,0,0.0,40.6126567,-75.5923206,2020-03-19 21:57 EDT
Luzerne,Pennsylvania,1,0,0,0.0,41.28669,-75.90272,2020-03-19 21:57 EDT
Berks,Pennsylvania,1,0,0,0.0,40.416337299999995,-75.9260454,2020-03-19 21:57 EDT
Erie,Pennsylvania,1,0,0,0.0,41.991664799999995,-80.0322062,2020-03-19 21:57 EDT
Lebanon,Pennsylvania,1,1,0,0.0,40.3671979,-76.4577463,2020-03-19 21:57 EDT
Milwaukee,Wisconsin,62,15,0,0.0,43.042,-87.90687,2020-03-19 21:57 EDT
Dane,Wisconsin,27,4,0,0.0,43.2509,-89.51829000000001,2020-03-19 21:57 EDT
Fond du Lac,Wisconsin,14,1,1,0.07142860000000001,43.77302,-88.44709,2020-03-19 21:57 EDT
Waukesha,Wisconsin,12,7,0,0.0,43.01458,-88.23548000000001,2020-03-19 21:57 EDT
Sheboygan,Wisconsin,6,2,0,0.0,43.74978,-87.71343,2020-03-19 21:57 EDT
Winnebago,Wisconsin,5,0,0,0.0,44.07516,-88.52521999999999,2020-03-19 21:57 EDT
Kenosha,Wisconsin,4,0,0,0.0,42.58808,-87.82326,2020-03-19 21:57 EDT
La Crosse,Wisconsin,4,2,0,0.0,43.812670000000004,-91.25206,2020-03-19 21:57 EDT
Columbia,Wisconsin,4,4,0,0.0,43.46663,-89.3337458,2020-03-19 21:57 EDT
Racine,Wisconsin,3,2,0,0.0,42.725640000000006,-87.78955,2020-03-19 21:57 EDT
Ozaukee,Wisconsin,3,3,1,0.3333333,43.3840604,-87.95080920000001,2020-03-19 21:57 EDT
Washington,Wisconsin,2,0,0,0.0,43.3684626,-88.23074629999999,2020-03-19 21:57 EDT
Brown,Wisconsin,2,1,0,0.0,44.452627299999996,-88.0037092,2020-03-19 21:57 EDT
Walworth,Wisconsin,2,1,0,0.0,42.6686008,-88.5419541,2020-03-19 21:57 EDT
Pierce,Wisconsin,1,0,0,0.0,44.72273320000001,-92.42192320000001,2020-03-19 21:57 EDT
Wood,Wisconsin,1,0,0,0.0,44.475229999999996,-90.16062,2020-03-19 21:57 EDT
Outagamie,Wisconsin,1,0,0,0.0,44.4161518,-88.4649782,2020-03-19 21:57 EDT
Calumet,Wisconsin,1,1,0,0.0,44.083450899999995,-88.1835902,2020-03-19 21:57 EDT
Eau Claire,Wisconsin,1,1,0,0.0,44.81658,-91.50076999999999,2020-03-19 21:57 EDT
Bayfield,Wisconsin,1,1,0,0.0,46.5235899,-91.200841,2020-03-19 21:57 EDT
Sauk,Wisconsin,1,1,0,0.0,43.4266931,-89.9483328,2020-03-19 21:57 EDT
Dunn,Wisconsin,1,1,0,0.0,44.946569200000006,-91.8963636,2020-03-19 21:57 EDT
St. Croix,Wisconsin,1,1,0,0.0,45.7671841,-92.14814140000001,2020-03-19 21:57 EDT
Fairfield,Connecticut,102,33,3,0.0294118,41.16633,-73.22876,2020-03-19 21:57 EDT
New Haven,Connecticut,23,13,0,0.0,41.308009999999996,-72.92432,2020-03-19 21:57 EDT
Hartford,Connecticut,18,7,0,0.0,41.76375,-72.67394,2020-03-19 21:57 EDT
Litchfield,Connecticut,7,2,0,0.0,41.74626,-73.18895,2020-03-19 21:57 EDT
Tolland,Connecticut,4,4,0,0.0,41.855044799999995,-72.3365675,2020-03-19 21:57 EDT
Middlesex,Connecticut,3,2,0,0.0,41.463066600000005,-72.5347041,2020-03-19 21:57 EDT
Davidson,Tennessee,75,17,0,0.0,36.16956079999999,-86.7847568,2020-03-19 21:57 EDT
Williamson,Tennessee,30,6,0,0.0,35.893826700000005,-86.8986396,2020-03-19 21:57 EDT
Shelby,Tennessee,10,6,0,0.0,35.1269,-89.9253,2020-03-19 21:57 EDT
Hamilton,Tennessee,5,2,0,0.0,35.179320399999995,-85.16684140000001,2020-03-19 21:57 EDT
Knox,Tennessee,2,0,0,0.0,35.9956069,-83.934652,2020-03-19 21:57 EDT
Sumner,Tennessee,2,0,0,0.0,36.4694621,-86.460332,2020-03-19 21:57 EDT
Sullivan,Tennessee,1,0,0,0.0,36.5128018,-82.30449499999999,2020-03-19 21:57 EDT
Jefferson,Tennessee,1,0,0,0.0,36.0571754,-83.45179449999999,2020-03-19 21:57 EDT
Rutherford,Tennessee,1,0,0,0.0,35.842743299999995,-86.4167525,2020-03-19 21:57 EDT
Campbell,Tennessee,1,0,0,0.0,36.403456299999995,-84.1493609,2020-03-19 21:57 EDT
Sevier,Tennessee,1,0,0,0.0,35.7840684,-83.5242224,2020-03-19 21:57 EDT
Cheatham,Tennessee,1,0,0,0.0,36.261370899999996,-87.08723570000001,2020-03-19 21:57 EDT
Robertson,Tennessee,1,0,0,0.0,36.5254295,-86.870553,2020-03-19 21:57 EDT
Cumberland,Tennessee,1,1,0,0.0,35.9503817,-84.9983405,2020-03-19 21:57 EDT
Durham,North Carolina,35,8,0,0.0,35.99542,-78.89644,2020-03-19 21:57 EDT
Mecklenburg,North Carolina,31,17,0,0.0,35.2414779,-80.83080550000001,2020-03-19 21:57 EDT
Wake,North Carolina,25,3,0,0.0,35.7901085,-78.65039759999999,2020-03-19 21:57 EDT
Harnett,North Carolina,6,3,0,0.0,35.34117,-78.78837,2020-03-19 21:57 EDT
Forsyth,North Carolina,5,3,0,0.0,36.130537,-80.2563022,2020-03-19 21:57 EDT
Chatham,North Carolina,3,0,0,0.0,35.7026299,-79.2554158,2020-03-19 21:57 EDT
Guilford,North Carolina,3,2,0,0.0,36.0794682,-79.78897009999999,2020-03-19 21:57 EDT
Johnston,North Carolina,2,0,0,0.0,35.5176559,-78.3657386,2020-03-19 21:57 EDT
Craven,North Carolina,2,1,0,0.0,35.11728660000001,-77.0824703,2020-03-19 21:57 EDT
Watauga,North Carolina,2,-1,0,0.0,36.2310136,-81.6964558,2020-03-19 21:57 EDT
Wilson,North Carolina,2,1,0,0.0,35.721959999999996,-77.91637,2020-03-19 21:57 EDT
Iredell,North Carolina,2,1,0,0.0,35.8311,-80.8987,2020-03-19 21:57 EDT
Union,North Carolina,2,1,0,0.0,34.988325700000004,-80.5307445,2020-03-19 21:57 EDT
Moore,North Carolina,2,1,0,0.0,35.3106825,-79.4813103,2020-03-19 21:57 EDT
Cumberland,North Carolina,2,2,0,0.0,35.0486249,-78.8273923,2020-03-19 21:57 EDT
Cabarrus,North Carolina,1,0,0,0.0,35.2372,-80.5423,2020-03-19 21:57 EDT
Onslow,North Carolina,1,0,0,0.0,34.7334689,-77.4296641,2020-03-19 21:57 EDT
Wayne,North Carolina,1,0,0,0.0,35.3637623,-78.0041603,2020-03-19 21:57 EDT
Brunswick,North Carolina,1,0,0,0.0,34.0705938,-78.2374968,2020-03-19 21:57 EDT
Sampson,North Carolina,1,0,0,0.0,34.991607200000004,-78.371577,2020-03-19 21:57 EDT
Lincoln,North Carolina,1,0,0,0.0,35.485768799999995,-81.2306512,2020-03-19 21:57 EDT
Gaston,North Carolina,1,0,0,0.0,35.2941764,-81.1801548,2020-03-19 21:57 EDT
New Hanover,North Carolina,1,0,0,0.0,34.232921600000005,-77.88477519999999,2020-03-19 21:57 EDT
Buncombe,North Carolina,1,0,0,0.0,35.6111326,-82.5300939,2020-03-19 21:57 EDT
Hoke,North Carolina,1,0,0,0.0,35.017294,-79.2371627,2020-03-19 21:57 EDT
Pitt,North Carolina,1,1,0,0.0,35.5935109,-77.3746684,2020-03-19 21:57 EDT
Rowan,North Carolina,1,1,0,0.0,35.639588700000004,-80.5247094,2020-03-19 21:57 EDT
Davidson,North Carolina,1,1,0,0.0,35.7931766,-80.2127047,2020-03-19 21:57 EDT
Pasquotank,North Carolina,1,1,0,0.0,36.2888322,-76.2723684,2020-03-19 21:57 EDT
Cuyahoga,Ohio,53,15,0,0.0,41.4244148,-81.6585817,2020-03-19 21:57 EDT
Franklin,Ohio,10,3,0,0.0,39.9694713,-83.0093307,2020-03-19 21:57 EDT
Butler,Ohio,8,0,0,0.0,39.438638399999995,-84.5761677,2020-03-19 21:57 EDT
Summit,Ohio,6,2,0,0.0,41.1259157,-81.53218829999999,2020-03-19 21:57 EDT
Lorain,Ohio,6,0,0,0.0,41.4682,-82.17815,2020-03-19 21:57 EDT
Stark,Ohio,5,2,0,0.0,40.8139096,-81.3656565,2020-03-19 21:57 EDT
Medina,Ohio,5,1,0,0.0,41.14042,-81.86402,2020-03-19 21:57 EDT
Mahoning,Ohio,5,2,0,0.0,41.0146443,-80.77623829999999,2020-03-19 21:57 EDT
Trumbull,Ohio,2,0,0,0.0,41.3170671,-80.7611827,2020-03-19 21:57 EDT
Belmont,Ohio,2,0,0,0.0,40.02955,-81.03891,2020-03-19 21:57 EDT
Lake,Ohio,2,0,0,0.0,41.696408399999996,-81.2373189,2020-03-19 21:57 EDT
Coshocton,Ohio,2,0,0,0.0,40.301617799999995,-81.92001379999999,2020-03-19 21:57 EDT
Delaware,Ohio,2,1,0,0.0,40.278420399999995,-83.0049769,2020-03-19 21:57 EDT
Hamilton,Ohio,2,2,0,0.0,39.196046100000004,-84.5420783,2020-03-19 21:57 EDT
Lucas,Ohio,1,0,1,1.0,41.6198584,-83.6597766,2020-03-19 21:57 EDT
Tuscarawas,Ohio,1,0,0,0.0,40.39758,-81.40727,2020-03-19 21:57 EDT
Geauga,Ohio,1,0,0,0.0,41.4995451,-81.1785838,2020-03-19 21:57 EDT
Darke,Ohio,1,0,0,0.0,40.1332381,-84.61936159999999,2020-03-19 21:57 EDT
Huron,Ohio,1,0,0,0.0,41.1462065,-82.5983497,2020-03-19 21:57 EDT
Ashland,Ohio,1,0,0,0.0,40.845985399999996,-82.27068220000001,2020-03-19 21:57 EDT
Montgomery,Ohio,1,0,0,0.0,39.7546878,-84.2909755,2020-03-19 21:57 EDT
Clark,Ohio,1,1,0,0.0,39.916654,-83.7837497,2020-03-19 21:57 EDT
Miami,Ohio,1,1,0,0.0,40.0534488,-84.22890720000001,2020-03-19 21:57 EDT
Richland,Ohio,1,1,0,0.0,40.7746982,-82.5364402,2020-03-19 21:57 EDT
Montgomery,Maryland,33,2,0,0.0,39.1363682,-77.2040317,2020-03-19 21:57 EDT
Prince George's,Maryland,23,3,1,0.043478300000000004,38.828386200000004,-76.8458707,2020-03-19 21:57 EDT
Howard,Maryland,16,8,0,0.0,39.2511278,-76.9312584,2020-03-19 21:57 EDT
Baltimore,Maryland,12,2,0,0.0,39.29058,-76.60925999999999,2020-03-19 21:57 EDT
Baltimore City,Maryland,8,4,0,0.0,39.301941299999996,-76.61111170000001,2020-03-19 21:57 EDT
Anne Arundel,Maryland,5,1,0,0.0,39.008897,-76.60328630000001,2020-03-19 21:57 EDT
Harford,Maryland,3,0,0,0.0,39.5544404,-76.31583959999999,2020-03-19 21:57 EDT
Charles,Maryland,2,0,0,0.0,38.4741042,-77.0128671,2020-03-19 21:57 EDT
Carroll,Maryland,2,1,0,0.0,39.5629588,-77.0224657,2020-03-19 21:57 EDT
Talbot,Maryland,1,0,0,0.0,38.7592645,-76.1136695,2020-03-19 21:57 EDT
Frederick,Maryland,1,0,0,0.0,39.41574,-77.41203,2020-03-19 21:57 EDT
Calvert,Maryland,1,1,0,0.0,38.5402082,-76.56511390000001,2020-03-19 21:57 EDT
Arlington,Virginia,17,3,0,0.0,38.8905,-77.08629,2020-03-19 21:57 EDT
Fairfax,Virginia,16,2,0,0.0,38.84179,-77.30887,2020-03-19 21:57 EDT
James City,Virginia,14,1,1,0.07142860000000001,37.3132739,-76.7733526,2020-03-19 21:57 EDT
Prince William,Virginia,11,7,0,0.0,38.7024474,-77.4800235,2020-03-19 21:57 EDT
Chesterfield,Virginia,6,1,0,0.0,37.377559999999995,-77.50816999999999,2020-03-19 21:57 EDT
Loudoun,Virginia,5,0,0,0.0,39.0906991,-77.63564790000001,2020-03-19 21:57 EDT
Virginia Beach City,Virginia,4,0,0,0.0,36.748178700000004,-76.0574891,2020-03-19 21:57 EDT
Alexandria City,Virginia,4,2,0,0.0,38.8183862,-77.0862296,2020-03-19 21:57 EDT
Charlottesville City,Virginia,3,2,0,0.0,38.037313299999994,-78.48702109999999,2020-03-19 21:57 EDT
Henrico,Virginia,3,1,0,0.0,37.5059,-77.3324,2020-03-19 21:57 EDT
Richmond City,Virginia,3,0,0,0.0,37.52950870000001,-77.4757329,2020-03-19 21:57 EDT
Stafford,Virginia,2,0,0,0.0,38.42346,-77.40816,2020-03-19 21:57 EDT
Spotsylvania,Virginia,1,0,0,0.0,38.20174,-77.58855,2020-03-19 21:57 EDT
Hanover,Virginia,1,0,0,0.0,37.768809999999995,-77.37109,2020-03-19 21:57 EDT
Prince Edward,Virginia,1,0,0,0.0,37.2242974,-78.44105649999999,2020-03-19 21:57 EDT
Harrisonburg,Virginia,1,0,0,0.0,38.45163,-78.8697,2020-03-19 21:57 EDT
York,Virginia,1,0,1,1.0,37.2418862,-76.55913609999999,2020-03-19 21:57 EDT
Williamsburg,Virginia,1,0,0,0.0,37.26927,-76.70756,2020-03-19 21:57 EDT
Goochland,Virginia,1,0,0,0.0,37.7220189,-77.91622240000001,2020-03-19 21:57 EDT
Charles City,Virginia,1,0,0,0.0,37.34197,-77.0725,2020-03-19 21:57 EDT
Lynchburg,Virginia,1,0,0,0.0,37.400409,-79.1909792,2020-03-19 21:57 EDT
Norfolk,Virginia,1,0,0,0.0,36.892799600000004,-76.2609843,2020-03-19 21:57 EDT
Albemarle,Virginia,1,1,0,0.0,38.0228436,-78.5565835,2020-03-19 21:57 EDT
Portsmouth City,Virginia,1,1,0,0.0,36.8491583,-76.3537178,2020-03-19 21:57 EDT
Gloucester,Virginia,1,1,0,0.0,37.411142600000005,-76.5378143,2020-03-19 21:57 EDT
Botetourt,Virginia,1,1,0,0.0,37.5571518,-79.81229350000001,2020-03-19 21:57 EDT
Suffolk,Virginia,1,1,0,0.0,36.697698100000004,-76.637781,2020-03-19 21:57 EDT
Clark,Nevada,69,27,1,0.0144928,36.217099700000006,-115.0246913,2020-03-19 21:57 EDT
Washoe,Nevada,14,2,0,0.0,40.6869602,-119.66599099999999,2020-03-19 21:57 EDT
Carson City,Nevada,1,0,0,0.0,39.16506,-119.76697,2020-03-19 21:57 EDT
Hennepin,Minnesota,32,4,0,0.0,45.0057578,-93.4749321,2020-03-19 21:57 EDT
Ramsey,Minnesota,12,0,0,0.0,45.018122399999996,-93.09961679999999,2020-03-19 21:57 EDT
Dakota,Minnesota,8,0,0,0.0,44.6709807,-93.0666777,2020-03-19 21:57 EDT
Anoka,Minnesota,6,3,0,0.0,45.19833,-93.38996999999999,2020-03-19 21:57 EDT
Olmsted,Minnesota,6,0,0,0.0,44.0037994,-92.40181820000001,2020-03-19 21:57 EDT
Carver,Minnesota,3,1,0,0.0,44.76325,-93.62524,2020-03-19 21:57 EDT
Stearns,Minnesota,3,0,0,0.0,45.5520968,-94.61375670000001,2020-03-19 21:57 EDT
Washington,Minnesota,3,0,0,0.0,45.0411011,-92.8833786,2020-03-19 21:57 EDT
Martin,Minnesota,3,1,0,0.0,43.6743491,-94.55104940000001,2020-03-19 21:57 EDT
Wright,Minnesota,2,0,0,0.0,45.173442,-93.9635579,2020-03-19 21:57 EDT
Blue earth,Minnesota,2,0,0,0.0,43.9505,-93.9878,2020-03-19 21:57 EDT
Nicollet,Minnesota,2,0,0,0.0,44.3496797,-94.246864,2020-03-19 21:57 EDT
Renville,Minnesota,1,0,0,0.0,44.78921,-95.21243,2020-03-19 21:57 EDT
Waseca,Minnesota,1,0,0,0.0,44.07804,-93.50742,2020-03-19 21:57 EDT
Benton,Minnesota,1,0,0,0.0,45.7211,-93.9733,2020-03-19 21:57 EDT
Wadena,Minnesota,1,1,0,0.0,46.5856945,-94.96940790000001,2020-03-19 21:57 EDT
Mower,Minnesota,1,1,0,0.0,43.671482399999995,-92.7525012,2020-03-19 21:57 EDT
Rice,Minnesota,1,1,0,0.0,44.354262,-93.29671490000001,2020-03-19 21:57 EDT
Scott,Minnesota,1,0,0,0.0,44.648511,-93.535747,2020-03-19 21:57 EDT
Washington,Oregon,25,2,1,0.04,45.5600596,-123.098408,2020-03-19 21:57 EDT
Linn,Oregon,17,2,0,0.0,44.4887414,-122.5343983,2020-03-19 21:57 EDT
Marion,Oregon,13,5,0,0.0,44.75045,-122.94051999999999,2020-03-19 21:57 EDT
Multnomah,Oregon,7,4,1,0.14285710000000001,45.46975,-122.70562,2020-03-19 21:57 EDT
Deschutes,Oregon,6,0,0,0.0,44.159240000000004,-121.25967,2020-03-19 21:57 EDT
Clackamas,Oregon,6,0,0,0.0,45.41211,-122.56908999999999,2020-03-19 21:57 EDT
Benton,Oregon,3,3,0,0.0,44.4918359,-123.4292918,2020-03-19 21:57 EDT
Jackson,Oregon,2,0,0,0.0,42.4321189,-122.72848619999999,2020-03-19 21:57 EDT
Umatilla,Oregon,2,0,0,0.0,45.91768,-119.34203000000001,2020-03-19 21:57 EDT
Yamhill,Oregon,2,0,0,0.0,45.34037,-123.18786999999999,2020-03-19 21:57 EDT
Lane,Oregon,2,0,1,0.5,43.938735,-122.84792730000001,2020-03-19 21:57 EDT
Klamath,Oregon,1,0,0,0.0,42.6921914,-121.64335179999999,2020-03-19 21:57 EDT
Douglas,Oregon,1,0,0,0.0,43.279771000000004,-123.16648719999999,2020-03-19 21:57 EDT
Polk,Oregon,1,0,0,0.0,44.9037345,-123.4127777,2020-03-19 21:57 EDT
Kershaw,South Carolina,29,4,0,0.0,34.338922100000005,-80.590296,2020-03-19 21:57 EDT
Richland,South Carolina,8,4,0,0.0,34.0214529,-80.90134499999999,2020-03-19 21:57 EDT
Beaufort,South Carolina,7,1,0,0.0,32.43119,-80.66993000000001,2020-03-19 21:57 EDT
Greenville,South Carolina,7,4,0,0.0,34.84827,-82.40011,2020-03-19 21:57 EDT
Horry,South Carolina,6,1,0,0.0,33.93188,-79.1347,2020-03-19 21:57 EDT
Charleston,South Carolina,5,1,0,0.0,32.78115,-79.9316,2020-03-19 21:57 EDT
Lexington,South Carolina,5,1,1,0.2,33.98105,-81.23595,2020-03-19 21:57 EDT
Lancaster,South Carolina,3,1,0,0.0,34.72096,-80.77112,2020-03-19 21:57 EDT
Anderson,South Carolina,2,0,0,0.0,34.500609999999995,-82.64962,2020-03-19 21:57 EDT
Spartanburg,South Carolina,1,0,0,0.0,34.94838,-81.93494,2020-03-19 21:57 EDT
Fairfield,South Carolina,1,0,0,0.0,34.395186200000005,-81.12116929999999,2020-03-19 21:57 EDT
Calhoun,South Carolina,1,0,0,0.0,33.675959399999996,-80.78363900000001,2020-03-19 21:57 EDT
York,South Carolina,1,0,0,0.0,34.9747504,-81.18448769999999,2020-03-19 21:57 EDT
Dorchester,South Carolina,1,1,0,0.0,33.0795466,-80.4054902,2020-03-19 21:57 EDT
Lee,South Carolina,1,0,0,0.0,34.1632896,-80.25444250000001,2020-03-19 21:57 EDT
Abbeville,South Carolina,1,1,0,0.0,34.2225842,-82.4586613,2020-03-19 21:57 EDT
Saluda,South Carolina,1,1,0,0.0,34.0047789,-81.7296019,2020-03-19 21:57 EDT
Salt Lake,Utah,29,7,0,0.0,40.76031,-111.88821999999999,2020-03-19 21:57 EDT
Summit,Utah,19,4,0,0.0,40.8680986,-110.95584640000001,2020-03-19 21:57 EDT
Non-Utah resident,Utah,10,0,0,0.0,39.323725200000005,-111.67824840000002,2020-03-19 21:57 EDT
Davis,Utah,6,0,0,0.0,40.9997362,-111.9800051,2020-03-19 21:57 EDT
Weber-Morgan,Utah,4,0,0,0.0,41.2245943,-111.9703114,2020-03-19 21:57 EDT
Wasatch,Utah,3,1,0,0.0,40.3304771,-111.1683986,2020-03-19 21:57 EDT
Bear River,Utah,3,2,0,0.0,41.45827,-112.29023000000001,2020-03-19 21:57 EDT
Utah,Utah,2,1,0,0.0,40.113563799999994,-111.6594534,2020-03-19 21:57 EDT
Cache,Utah,2,2,0,0.0,41.722444,-111.7435477,2020-03-19 21:57 EDT
Southwest Utah,Utah,1,0,0,0.0,37.003577299999996,-112.9680908,2020-03-19 21:57 EDT
Tooele,Utah,1,0,0,0.0,40.534079999999996,-112.29848999999999,2020-03-19 21:57 EDT
Jefferson,Alabama,34,9,0,0.0,33.554273699999996,-86.8964891,2020-03-19 21:57 EDT
Lee,Alabama,10,2,0,0.0,32.601035100000004,-85.3554861,2020-03-19 21:57 EDT
Shelby,Alabama,9,5,0,0.0,33.113,-86.58361,2020-03-19 21:57 EDT
Elmore,Alabama,5,1,0,0.0,32.54165,-86.31093,2020-03-19 21:57 EDT
Madison,Alabama,5,4,0,0.0,34.763118,-86.5501895,2020-03-19 21:57 EDT
Tuscaloosa,Alabama,4,1,0,0.0,33.21042,-87.56625,2020-03-19 21:57 EDT
Montgomery,Alabama,3,1,0,0.0,32.38015,-86.30008000000001,2020-03-19 21:57 EDT
Limestone,Alabama,1,0,0,0.0,34.814892,-86.97728459999999,2020-03-19 21:57 EDT
Baldwin,Alabama,1,0,0,0.0,30.7358912,-87.72352509999999,2020-03-19 21:57 EDT
St. Clair,Alabama,1,0,0,0.0,33.653,-86.3377,2020-03-19 21:57 EDT
Calhoun,Alabama,1,0,0,0.0,33.7713801,-85.82610840000001,2020-03-19 21:57 EDT
Chambers,Alabama,1,1,0,0.0,32.91425,-85.39199740000001,2020-03-19 21:57 EDT
Talladega,Alabama,1,1,0,0.0,33.38013839999999,-86.1658453,2020-03-19 21:57 EDT
Walker,Alabama,1,1,0,0.0,33.7422,-87.25376,2020-03-19 21:57 EDT
Mobile,Alabama,1,1,0,0.0,30.7898902,-88.20635940000001,2020-03-19 21:57 EDT
Washington,District of Columbia,71,40,0,0.0,38.890370000000004,-77.03196,2020-03-19 21:57 EDT
Jefferson,Arkansas,3,0,0,0.0,34.37911,-92.16608000000001,2020-03-19 21:57 EDT
Washington,Arkansas,1,0,0,0.0,35.978486600000004,-94.2160806,2020-03-19 21:57 EDT
Marion,Indiana,19,8,1,0.0526316,39.7817436,-86.13841490000001,2020-03-19 21:57 EDT
Howard,Indiana,5,3,0,0.0,40.4835961,-86.1168603,2020-03-19 21:57 EDT
Hendricks,Indiana,4,0,0,0.0,39.8065,-86.5401,2020-03-19 21:57 EDT
Lake,Indiana,4,1,0,0.0,41.4166063,-87.38217399999999,2020-03-19 21:57 EDT
Johnson,Indiana,3,0,1,0.3333333,39.48998220000001,-86.1016083,2020-03-19 21:57 EDT
St. Joseph,Indiana,3,2,0,0.0,41.6167201,-86.2899112,2020-03-19 21:57 EDT
Hamilton,Indiana,2,0,0,0.0,40.0725137,-86.052018,2020-03-19 21:57 EDT
Franklin,Indiana,2,0,0,0.0,39.414871500000004,-85.06025190000001,2020-03-19 21:57 EDT
Allen,Indiana,2,2,0,0.0,41.0908614,-85.06653709999999,2020-03-19 21:57 EDT
Noble,Indiana,1,0,0,0.0,41.3985825,-85.41743879999999,2020-03-19 21:57 EDT
Adams,Indiana,1,0,0,0.0,40.745650700000006,-84.9366342,2020-03-19 21:57 EDT
Boone,Indiana,1,0,0,0.0,40.0507449,-86.4686988,2020-03-19 21:57 EDT
Wells,Indiana,1,0,0,0.0,40.729194899999996,-85.221216,2020-03-19 21:57 EDT
LaPorte,Indiana,1,0,0,0.0,41.6106,-86.72251999999999,2020-03-19 21:57 EDT
Floyd,Indiana,1,0,0,0.0,38.318983100000004,-85.9069298,2020-03-19 21:57 EDT
Bartholomew,Indiana,1,0,0,0.0,39.2059499,-85.8975923,2020-03-19 21:57 EDT
Clark,Indiana,1,0,0,0.0,38.47741679999999,-85.70747390000001,2020-03-19 21:57 EDT
Fayette,Indiana,1,0,0,0.0,39.6400652,-85.1787148,2020-03-19 21:57 EDT
Jennings,Indiana,1,0,0,0.0,38.9969408,-85.6280437,2020-03-19 21:57 EDT
Tippecanoe,Indiana,1,1,0,0.0,40.3885675,-86.8940919,2020-03-19 21:57 EDT
Madison,Indiana,1,1,0,0.0,40.1616556,-85.7193584,2020-03-19 21:57 EDT
Wayne,Indiana,1,1,0,0.0,39.864437200000005,-85.0098428,2020-03-19 21:57 EDT
Owen,Indiana,1,1,0,0.0,39.31272979999999,-86.83764090000001,2020-03-19 21:57 EDT
Monroe,Indiana,1,1,0,0.0,39.1608893,-86.5231376,2020-03-19 21:57 EDT
Vigo,Indiana,1,1,0,0.0,39.430629499999995,-87.3899495,2020-03-19 21:57 EDT
Cumberland,Maine,25,1,0,0.0,43.790279999999996,-70.24611999999999,2020-03-19 21:57 EDT
Androscoggin,Maine,3,0,0,0.0,44.1658761,-70.20645859999999,2020-03-19 21:57 EDT
Lincoln,Maine,3,0,0,0.0,44.07018529999999,-69.543871,2020-03-19 21:57 EDT
Kennebec,Maine,3,2,0,0.0,44.409147999999995,-69.76727559999999,2020-03-19 21:57 EDT
York,Maine,2,0,0,0.0,43.4785298,-70.7154295,2020-03-19 21:57 EDT
Oxford,Maine,1,0,0,0.0,44.5000957,-70.7566691,2020-03-19 21:57 EDT
Penobscot,Maine,1,0,0,0.0,45.40051210000001,-68.6494573,2020-03-19 21:57 EDT
Hancock,Maine,1,1,0,0.0,44.6686114,-68.35812309999999,2020-03-19 21:57 EDT
Fayette,Kentucky,8,0,0,0.0,38.0422722,-84.45868670000002,2020-03-19 21:57 EDT
Jefferson,Kentucky,8,0,1,0.125,38.1858902,-85.6549948,2020-03-19 21:57 EDT
Harrison,Kentucky,6,0,0,0.0,38.4417404,-84.3314045,2020-03-19 21:57 EDT
Montgomery,Kentucky,2,0,0,0.0,38.0334716,-83.91302990000001,2020-03-19 21:57 EDT
Nelson,Kentucky,1,0,0,0.0,37.8050764,-85.46597159999999,2020-03-19 21:57 EDT
Clark,Kentucky,1,0,0,0.0,37.9708229,-84.1473359,2020-03-19 21:57 EDT
Bourbon,Kentucky,1,0,1,1.0,38.2066795,-84.2171359,2020-03-19 21:57 EDT
Lyon,Kentucky,1,0,0,0.0,37.0261669,-88.07899509999999,2020-03-19 21:57 EDT
Kenton,Kentucky,1,1,0,0.0,38.931943700000005,-84.53299770000001,2020-03-19 21:57 EDT
Daviess,Kentucky,1,1,0,0.0,37.72855560000001,-87.08612579999999,2020-03-19 21:57 EDT
Henderson,Kentucky,1,1,0,0.0,37.7904591,-87.5700272,2020-03-19 21:57 EDT
Pearl River,Mississippi,7,3,0,0.0,30.768543400000002,-89.5897574,2020-03-19 21:57 EDT
Harrison,Mississippi,7,4,0,0.0,30.512156400000002,-89.1166843,2020-03-19 21:57 EDT
Hinds,Mississippi,6,0,0,0.0,32.2667675,-90.4426253,2020-03-19 21:57 EDT
Forrest,Mississippi,4,1,0,0.0,31.1888395,-89.2578348,2020-03-19 21:57 EDT
Leflore,Mississippi,4,0,0,0.0,33.550528,-90.30106540000001,2020-03-19 21:57 EDT
Copiah,Mississippi,2,0,0,0.0,31.869320399999996,-90.4488597,2020-03-19 21:57 EDT
Jackson,Mississippi,2,0,0,0.0,30.5432779,-88.6359578,2020-03-19 21:57 EDT
Desoto,Mississippi,2,0,0,0.0,34.8749403,-89.9888221,2020-03-19 21:57 EDT
Bolivar,Mississippi,2,0,0,0.0,33.7957674,-90.87602890000001,2020-03-19 21:57 EDT
Coahoma,Mississippi,2,0,0,0.0,34.2273536,-90.5976907,2020-03-19 21:57 EDT
Hancock,Mississippi,1,-1,1,1.0,30.416343800000003,-89.4887981,2020-03-19 21:57 EDT
Monroe,Mississippi,1,0,0,0.0,33.8922661,-88.4805139,2020-03-19 21:57 EDT
Perry,Mississippi,1,0,0,0.0,31.1719331,-88.9923085,2020-03-19 21:57 EDT
Madison,Mississippi,1,1,0,0.0,32.638079600000005,-90.035027,2020-03-19 21:57 EDT
Holmes,Mississippi,1,1,0,0.0,33.1235188,-90.092053,2020-03-19 21:57 EDT
Jones,Mississippi,1,1,0,0.0,31.622535600000003,-89.1687378,2020-03-19 21:57 EDT
Smith,Mississippi,1,1,0,0.0,32.0176813,-89.50668359999999,2020-03-19 21:57 EDT
Walthall,Mississippi,1,1,0,0.0,31.1484284,-90.10609790000001,2020-03-19 21:57 EDT
Wilkinson,Mississippi,1,1,0,0.0,31.1604108,-91.30894609999999,2020-03-19 21:57 EDT
Winston,Mississippi,1,1,0,0.0,33.0884277,-89.0345157,2020-03-19 21:57 EDT
Yazoo,Mississippi,1,1,0,0.0,32.780320399999994,-90.3964339,2020-03-19 21:57 EDT
Lafayette,Mississippi,1,1,0,0.0,34.3513386,-89.4781291,2020-03-19 21:57 EDT
Maricopa,Arizona,22,11,0,0.0,33.348824699999994,-112.49127879999999,2020-03-19 21:57 EDT
Pinal,Arizona,10,2,0,0.0,32.9043197,-111.34476470000001,2020-03-19 21:57 EDT
Pima,Arizona,7,2,0,0.0,32.0972712,-111.78976709999999,2020-03-19 21:57 EDT
Navajo,Arizona,3,1,0,0.0,35.3995506,-110.3213878,2020-03-19 21:57 EDT
Coconino,Arizona,2,2,0,0.0,35.837771000000004,-111.77082620000002,2020-03-19 21:57 EDT
Graham,Arizona,1,0,0,0.0,32.87449,-109.74198,2020-03-19 21:57 EDT
Providence,Rhode Island,44,11,0,0.0,41.82387,-71.41199,2020-03-19 21:57 EDT
Rockingham,New Hampshire,17,0,0,0.0,43.04954,-70.93216,2020-03-19 21:57 EDT
Hillsborough,New Hampshire,8,0,0,0.0,43.1443,-71.93271999999999,2020-03-19 21:57 EDT
Grafton,New Hampshire,7,0,0,0.0,43.56212,-71.95114000000001,2020-03-19 21:57 EDT
Carroll,New Hampshire,4,0,0,0.0,43.8128,-71.2506,2020-03-19 21:57 EDT
Berknap,New Hampshire,2,0,0,0.0,43.509196,-71.4307244,2020-03-19 21:57 EDT
Merrimack,New Hampshire,1,0,0,0.0,43.297653499999996,-71.680181,2020-03-19 21:57 EDT
Oklahoma,Oklahoma,18,12,0,0.0,35.582684,-97.50859940000001,2020-03-19 21:57 EDT
Cleveland,Oklahoma,9,7,0,0.0,35.2030938,-97.3263907,2020-03-19 21:57 EDT
Tulsa,Oklahoma,5,2,1,0.2,36.15011,-95.99351999999999,2020-03-19 21:57 EDT
Kay,Oklahoma,2,0,0,0.0,36.8180061,-97.14387070000001,2020-03-19 21:57 EDT
Canadian,Oklahoma,2,1,0,0.0,35.5425812,-97.98256479999999,2020-03-19 21:57 EDT
Jackson,Oklahoma,1,0,0,0.0,34.586625399999996,-99.4160473,2020-03-19 21:57 EDT
Payne,Oklahoma,1,0,0,0.0,36.0773271,-96.9757817,2020-03-19 21:57 EDT
Pawnee,Oklahoma,1,0,0,0.0,36.316907799999996,-96.69931209999999,2020-03-19 21:57 EDT
Custer,Oklahoma,1,1,0,0.0,35.6388575,-99.00153879999999,2020-03-19 21:57 EDT
Grady,Oklahoma,1,1,0,0.0,35.0171184,-97.8840235,2020-03-19 21:57 EDT
Logan,Oklahoma,1,1,0,0.0,35.9193151,-97.4433147,2020-03-19 21:57 EDT
McClain,Oklahoma,1,1,0,0.0,35.0093484,-97.4441735,2020-03-19 21:57 EDT
Washington,Oklahoma,1,1,0,0.0,36.7152459,-95.90436640000001,2020-03-19 21:57 EDT
Johnson,Iowa,22,1,0,0.0,41.67149570000001,-91.5880542,2020-03-19 21:57 EDT
Polk,Iowa,6,3,0,0.0,41.6854116,-93.5734424,2020-03-19 21:57 EDT
Dallas,Iowa,5,0,0,0.0,41.68481679999999,-94.039762,2020-03-19 21:57 EDT
Allamakee,Iowa,2,0,0,0.0,43.285318200000006,-91.3847131,2020-03-19 21:57 EDT
Pottawattamie,Iowa,1,0,0,0.0,41.3366584,-95.5414196,2020-03-19 21:57 EDT
Carroll,Iowa,1,0,0,0.0,42.06585,-94.86793,2020-03-19 21:57 EDT
Harrison,Iowa,1,0,0,0.0,41.683014,-95.815524,2020-03-19 21:57 EDT
Adair,Iowa,1,0,0,0.0,41.3307435,-94.4709464,2020-03-19 21:57 EDT
Black Hawk,Iowa,1,0,0,0.0,42.4478,-92.3814,2020-03-19 21:57 EDT
Washington,Iowa,1,0,0,0.0,41.335581299999994,-91.7178575,2020-03-19 21:57 EDT
Winneshiek,Iowa,1,0,0,0.0,43.290670899999995,-91.84366779999999,2020-03-19 21:57 EDT
St. Louis,Missouri,8,4,0,0.0,38.62775,-90.19955999999999,2020-03-19 21:57 EDT
Greene,Missouri,6,2,0,0.0,37.2580403,-93.34201850000001,2020-03-19 21:57 EDT
Kansas City,Missouri,6,4,0,0.0,39.10344,-94.58310999999999,2020-03-19 21:57 EDT
Jackson,Missouri,3,0,0,0.0,39.00756989999999,-94.34626920000001,2020-03-19 21:57 EDT
Boone,Missouri,3,2,1,0.3333333,38.991744,-92.3091673,2020-03-19 21:57 EDT
St. Louis City,Missouri,2,0,0,0.0,38.6339918,-90.24789799999999,2020-03-19 21:57 EDT
Cass,Missouri,2,0,0,0.0,38.6469315,-94.3547931,2020-03-19 21:57 EDT
Cole,Missouri,2,1,0,0.0,38.504769700000004,-92.2802384,2020-03-19 21:57 EDT
Christian,Missouri,2,2,0,0.0,36.9695461,-93.188801,2020-03-19 21:57 EDT
Henry,Missouri,1,0,0,0.0,38.3884215,-93.79668050000001,2020-03-19 21:57 EDT
St. Charles,Missouri,1,1,0,0.0,38.78394,-90.48123000000001,2020-03-19 21:57 EDT
Pulaski,Missouri,1,1,0,0.0,37.824632,-92.2075849,2020-03-19 21:57 EDT
Johnson,Kansas,16,4,0,0.0,38.8837729,-94.82222519999999,2020-03-19 21:57 EDT
Wyandotte,Kansas,8,4,1,0.125,39.1140701,-94.7652427,2020-03-19 21:57 EDT
Butler,Kansas,2,1,0,0.0,37.7812809,-96.83903079999999,2020-03-19 21:57 EDT
Leavenworth,Kansas,2,0,0,0.0,39.198724,-95.03852509999999,2020-03-19 21:57 EDT
Morris,Kansas,2,2,0,0.0,38.6874415,-96.6497583,2020-03-19 21:57 EDT
Franklin,Kansas,1,0,0,0.0,38.5645175,-95.28594050000001,2020-03-19 21:57 EDT
Douglas,Kansas,1,0,0,0.0,38.884629100000005,-95.2925546,2020-03-19 21:57 EDT
Cherokee,Kansas,1,1,0,0.0,37.1692669,-94.8462676,2020-03-19 21:57 EDT
Jackson,Kansas,1,1,0,0.0,39.4168027,-95.7936744,2020-03-19 21:57 EDT
Linn,Kansas,1,1,0,0.0,38.21227460000001,-94.8429589,2020-03-19 21:57 EDT
Ford,Kansas,0,-1,0,,37.691713299999996,-99.8879824,2020-03-19 21:57 EDT
Bernalillo,New Mexico,20,4,0,0.0,35.0512846,-106.6703125,2020-03-19 21:57 EDT
Santa Fe,New Mexico,7,2,0,0.0,35.69168,-105.93796,2020-03-19 21:57 EDT
Sandoval,New Mexico,4,0,0,0.0,35.6887887,-106.8666133,2020-03-19 21:57 EDT
Socorro,New Mexico,2,0,0,0.0,34.060140000000004,-106.89187,2020-03-19 21:57 EDT
Taos,New Mexico,1,0,0,0.0,36.57785629999999,-105.63103570000001,2020-03-19 21:57 EDT
San Miguel,New Mexico,1,1,0,0.0,32.156290000000006,-106.73563999999999,2020-03-19 21:57 EDT
New Castle,Delaware,23,6,0,0.0,39.65977,-75.56394,2020-03-19 21:57 EDT
Kent,Delaware,4,3,0,0.0,39.088814500000005,-75.5671303,2020-03-19 21:57 EDT
Sussex,Delaware,3,2,0,0.0,38.6620172,-75.39879570000001,2020-03-19 21:57 EDT
Douglas,Nebraska,23,4,0,0.0,41.295351600000004,-96.15533409999999,2020-03-19 21:57 EDT
Knox,Nebraska,2,0,0,0.0,42.631654600000005,-97.89463640000001,2020-03-19 21:57 EDT
Cass,Nebraska,1,0,0,0.0,40.909757899999995,-96.14136090000001,2020-03-19 21:57 EDT
Sarpy,Nebraska,1,0,0,0.0,41.1128626,-96.1134336,2020-03-19 21:57 EDT
Lincoln,Nebraska,1,0,0,0.0,41.047785299999994,-100.7451548,2020-03-19 21:57 EDT
Adams,Nebraska,1,1,0,0.0,40.524454399999996,-98.501202,2020-03-19 21:57 EDT
Honolulu,Hawaii,10,0,0,0.0,21.30493,-157.85788,2020-03-19 21:57 EDT
Maui,Hawaii,3,0,0,0.0,20.859535100000002,-156.5646068,2020-03-19 21:57 EDT
Kauai,Hawaii,2,0,0,0.0,22.0825024,-159.7275965,2020-03-19 21:57 EDT
Hawaii Island,Hawaii,1,0,0,0.0,19.50056,-155.50056,2020-03-19 21:57 EDT
Blaine,Idaho,16,12,0,0.0,43.4123346,-113.9798058,2020-03-19 21:57 EDT
Ada,Idaho,3,0,0,0.0,43.4510569,-116.2411338,2020-03-19 21:57 EDT
Teton,Idaho,1,0,0,0.0,43.75945170000001,-111.2076444,2020-03-19 21:57 EDT
Madison,Idaho,1,0,0,0.0,43.7841856,-111.6591909,2020-03-19 21:57 EDT
Twin Falls,Idaho,1,1,0,0.0,42.55619,-114.4696,2020-03-19 21:57 EDT
Chittenden,Vermont,4,0,0,0.0,44.4579951,-73.0540497,2020-03-19 21:57 EDT
Bennington,Vermont,3,0,0,0.0,42.87672,-73.19818000000001,2020-03-19 21:57 EDT
Windsor,Vermont,3,0,1,0.3333333,43.48115,-72.38580999999999,2020-03-19 21:57 EDT
Washington,Vermont,1,0,0,0.0,44.2734456,-72.61485920000001,2020-03-19 21:57 EDT
Orange,Vermont,1,0,0,0.0,44.148540000000004,-72.40233,2020-03-19 21:57 EDT
Addison,Vermont,1,0,0,0.0,44.028073600000006,-73.1315288,2020-03-19 21:57 EDT
Burleigh,North Dakota,11,9,0,0.0,46.9780104,-100.4669442,2020-03-19 21:57 EDT
Morton,North Dakota,4,3,0,0.0,46.71678120000001,-101.28570520000001,2020-03-19 21:57 EDT
Ward,North Dakota,3,1,0,0.0,48.2216809,-101.5418179,2020-03-19 21:57 EDT
Cass,North Dakota,1,0,0,0.0,46.9329695,-97.2481212,2020-03-19 21:57 EDT
Fremont,Wyoming,8,0,0,0.0,43.0405186,-108.63049740000001,2020-03-19 21:57 EDT
Sheridan,Wyoming,4,0,0,0.0,44.79792,-106.95586999999999,2020-03-19 21:57 EDT
Laramie,Wyoming,4,1,0,0.0,41.3069613,-104.68954980000001,2020-03-19 21:57 EDT
Park,Wyoming,1,0,0,0.0,44.5205511,-109.5884635,2020-03-19 21:57 EDT
Teton,Wyoming,1,1,0,0.0,43.9188511,-110.5962596,2020-03-19 21:57 EDT
Minnehaha,South Dakota,5,0,0,0.0,43.6741776,-96.7914246,2020-03-19 21:57 EDT
Beadle,South Dakota,4,3,0,0.0,44.4144846,-98.2781099,2020-03-19 21:57 EDT
Pennington,South Dakota,1,0,1,1.0,44.003745,-102.82390079999999,2020-03-19 21:57 EDT
Charles Mix,South Dakota,1,0,0,0.0,43.207474600000005,-98.5766704,2020-03-19 21:57 EDT
Davison,South Dakota,1,0,0,0.0,43.6747283,-98.14595899999999,2020-03-19 21:57 EDT
Bon Homme,South Dakota,1,0,0,0.0,42.9933604,-97.8866697,2020-03-19 21:57 EDT
McCook,South Dakota,1,0,0,0.0,43.6743065,-97.36842159999999,2020-03-19 21:57 EDT
Guam,Guam,12,7,0,0.0,13.52808,144.85503,2020-03-19 21:57 EDT
Gallatin,Montana,3,0,0,0.0,45.5404518,-111.17041090000002,2020-03-19 21:57 EDT
Missoula,Montana,3,0,0,0.0,46.87278,-113.99625,2020-03-19 21:57 EDT
Yellowstone,Montana,2,0,0,0.0,45.93711629999999,-108.2743481,2020-03-19 21:57 EDT
Silver Bow,Montana,1,0,0,0.0,45.99544,-112.65661000000001,2020-03-19 21:57 EDT
Broadwater,Montana,1,0,0,0.0,46.2694,-111.452,2020-03-19 21:57 EDT
Anchorage,Alaska,4,2,0,0.0,61.217530000000004,-149.85825,2020-03-19 21:57 EDT
Fairbanks North Star,Alaska,3,0,0,0.0,64.8085066,-146.56348119999998,2020-03-19 21:57 EDT
Ketchikan Gateway,Alaska,1,1,0,0.0,55.00186529999999,-130.54977,2020-03-19 21:57 EDT
Seward,Alaska,1,1,0,0.0,60.11235,-149.44294,2020-03-19 21:57 EDT
Puerto Rico,Puerto Rico,5,0,0,0.0,18.2226065,-66.4689534,2020-03-19 21:57 EDT
Jefferson,West Virginia,1,0,0,0.0,39.307692700000004,-77.8626944,2020-03-19 21:57 EDT
Mercer,West Virginia,1,1,0,0.0,37.4055652,-81.1114323,2020-03-19 21:57 EDT
Unassigned,New York,18,18,4,0.2222222,42.165726,-74.948051,2020-03-19 21:57 EDT
Unassigned,Washington,151,-14,0,0.0,47.400902,-121.490494,2020-03-19 21:57 EDT
Unassigned,New Jersey,108,93,4,0.037037,40.298904,-74.521011,2020-03-19 21:57 EDT
Unassigned,Illinois,6,6,0,0.0,40.349457,-88.986137,2020-03-19 21:57 EDT
Unassigned,Louisiana,3,-20,0,0.0,31.169546,-91.867805,2020-03-19 21:57 EDT
Unassigned,Michigan,10,10,0,0.0,43.326617999999996,-84.53609499999999,2020-03-19 21:57 EDT
Unassigned,Massachusetts,13,13,0,0.0,42.230171,-71.530106,2020-03-19 21:57 EDT
Unassigned,Texas,3,3,0,0.0,31.054486999999998,-97.563461,2020-03-19 21:57 EDT
Unassigned,Georgia,5,5,7,1.0,33.040619,-83.643074,2020-03-19 21:57 EDT
Unassigned,Colorado,57,57,0,0.0,39.059810999999996,-105.311104,2020-03-19 21:57 EDT
Unassigned,Pennsylvania,0,0,0,,40.590752,-77.209755,2020-03-19 21:57 EDT
Unassigned,Connecticut,2,2,0,0.0,41.597782,-72.755371,2020-03-19 21:57 EDT
Unassigned,Tennessee,21,21,0,0.0,35.747845,-86.69234499999999,2020-03-19 21:57 EDT
Unassigned,Virginia,1,1,0,0.0,37.769337,-78.16996800000001,2020-03-19 21:57 EDT
Unassigned,Nevada,11,11,0,0.0,38.313515,-117.055374,2020-03-19 21:57 EDT
Unassigned,Arkansas,58,39,0,0.0,34.969704,-92.37312299999999,2020-03-19 21:57 EDT
Unassigned,Maine,13,6,0,0.0,44.693946999999994,-69.381927,2020-03-19 21:57 EDT
Unassigned,Kentucky,19,12,0,0.0,37.66814,-84.670067,2020-03-19 21:57 EDT
Unassigned,New Hampshire,5,5,0,0.0,43.452492,-71.563896,2020-03-19 21:57 EDT
Unassigned,Missouri,2,2,0,0.0,38.456084999999995,-92.288368,2020-03-19 21:57 EDT
Unassigned,Hawaii,10,10,0,0.0,21.094317999999998,-157.49833700000002,2020-03-19 21:57 EDT
Unassigned,Vermont,9,4,1,0.1111111,44.045876,-72.710686,2020-03-19 21:57 EDT
Unassigned,Montana,1,0,0,0.0,46.921925,-110.454353,2020-03-19 21:57 EDT
Unassigned,US Virgin Islands,3,1,0,0.0,17.752625,-64.73541999999999,2020-03-19 21:57 EDT
Lamar,Texas,1,1,0,0.0,33.6674211,-95.5708708,2020-03-19 21:57 EDT
Rock,Wisconsin,1,1,0,0.0,42.6712076,-89.0715632,2020-03-19 21:57 EDT
Fayette,Tennessee,1,1,0,0.0,35.1969847,-89.41432940000001,2020-03-19 21:57 EDT
Muscatine,Iowa,1,1,0,0.0,41.484756,-91.1149298,2020-03-19 21:57 EDT
Dubuque,Iowa,1,1,0,0.0,42.4677547,-90.8852955,2020-03-19 21:57 EDT
Kootenai,Idaho,1,1,0,0.0,47.6775873,-116.69713190000002,2020-03-19 21:57 EDT
Tucker,West Virginia,2,2,0,0.0,39.1135508,-79.5649213,2020-03-19 21:57 EDT
